,Hiperparámetros ,Valor
0,C,0.42813323987193913
1,g,0.1
2,mean accuracy,0.9755555555555556
