,Hiperparámetros ,Valor
0,C,29.763514416313193
1,mean accuracy,0.9609722222222222
2,Degrees,3.0
